Card Name,Set,Fair Price
AEther Adept,Magic 2011,$.17
Acidic Slime,Magic 2011,$.22
Act of Treason,Magic 2011,$.18
Air Servant,Magic 2011,$.22
Ajani's Mantra,Magic 2011,$.25
Ajani's Pridemate,Magic 2011,$.55
Ajani Goldmane,Magic 2011,$9.35
Alluring Siren,Magic 2011,$.20
Ancient Hellkite,Magic 2011,$.42
Angel's Feather,Magic 2011,$.26
Angelic Arbiter,Magic 2011,$1.26
Arc Runner,Magic 2011,$.18
Armored Ascension,Magic 2011,$.26
Armored Cancrix,Magic 2011,$.18
Assassinate,Magic 2011,$.18
Assault Griffin,Magic 2011,$.18
Augury Owl,Magic 2011,$.25
Autumn's Veil,Magic 2011,$.41
Awakener Druid,Magic 2011,$.24
Azure Drake,Magic 2011,$.18
Back to Nature,Magic 2011,$.30
Baneslayer Angel,Magic 2011,$13.35
Barony Vampire,Magic 2011,$.20
Berserkers of Blood Ridge,Magic 2011,$.18
Birds of Paradise,Magic 2011,$6.05
Black Knight,Magic 2011,$.30
Blinding Mage,Magic 2011,$.18
Blood Tithe,Magic 2011,$.19
Bloodcrazed Goblin,Magic 2011,$.19
Bloodthrone Vampire,Magic 2011,$.18
Bog Raiders,Magic 2011,$.20
Brindle Boar,Magic 2011,$.19
Brittle Effigy,Magic 2011,$.40
Call to Mind,Magic 2011,$.22
Cancel,Magic 2011,$.18
Canyon Minotaur,Magic 2011,$.18
Captivating Vampire,Magic 2011,$6.87
Celestial Purge,Magic 2011,$.20
Chandra's Outrage,Magic 2011,$.18
Chandra's Spitfire,Magic 2011,$.28
Chandra Nalaar,Magic 2011,$4.97
Child of Night,Magic 2011,$.20
Clone,Magic 2011,$.37
Cloud Crusader,Magic 2011,$.18
Cloud Elemental,Magic 2011,$.18
Combust,Magic 2011,$.32
Condemn,Magic 2011,$.28
Conundrum Sphinx,Magic 2011,$.37
Corrupt,Magic 2011,$.25
Crystal Ball,Magic 2011,$.55
Cudgel Troll,Magic 2011,$.22
Cultivate,Magic 2011,$1.06
Cyclops Gladiator,Magic 2011,$.35
Dark Tutelage,Magic 2011,$.37
Day of Judgment,Magic 2011,$1.90
Deathmark,Magic 2011,$.22
Demolish,Magic 2011,$.18
Demon's Horn,Magic 2011,$.28
Demon of Death's Gate,Magic 2011,$4.97
Destructive Force,Magic 2011,$.35
Diabolic Tutor,Magic 2011,$.35
Diminish,Magic 2011,$.18
Disentomb,Magic 2011,$.18
Doom Blade,Magic 2011,$.28
Dragon's Claw,Magic 2011,$.30
Dragonskull Summit,Magic 2011,$2.41
Drowned Catacomb,Magic 2011,$2.75
Dryad's Favor,Magic 2011,$.18
Duress,Magic 2011,$.28
Duskdale Wurm,Magic 2011,$.22
Earth Servant,Magic 2011,$.22
Elite Vanguard,Magic 2011,$.46
Elixir of Immortality,Magic 2011,$.41
Elvish Archdruid,Magic 2011,$1.95
Ember Hauler,Magic 2011,$.26
Excommunicate,Magic 2011,$.18
Fauna Shaman,Magic 2011,$14.70
Fiery Hellhound,Magic 2011,$.18
Fire Servant,Magic 2011,$.41
Fireball,Magic 2011,$.26
Flashfreeze,Magic 2011,$.22
Fling,Magic 2011,$.20
Fog,Magic 2011,$.24
Foresee,Magic 2011,$.23
Forest (1),Magic 2011,$0
Forest (2),Magic 2011,$0
Forest (3),Magic 2011,$0
Forest (4),Magic 2011,$0
Frost Titan,Magic 2011,$1.14
Gaea's Revenge,Magic 2011,$2.30
Gargoyle Sentinel,Magic 2011,$.24
Garruk's Companion,Magic 2011,$.19
Garruk's Packleader,Magic 2011,$.24
Garruk Wildspeaker,Magic 2011,$9.23
Giant Growth,Magic 2011,$.24
Giant Spider,Magic 2011,$.18
Glacial Fortress,Magic 2011,$1.91
Goblin Balloon Brigade,Magic 2011,$.20
Goblin Chieftain,Magic 2011,$6.15
Goblin Piker,Magic 2011,$.18
Goblin Tunneler,Magic 2011,$.18
Goldenglow Moth,Magic 2011,$.21
Grave Titan,Magic 2011,$4.88
Gravedigger,Magic 2011,$.18
Greater Basilisk,Magic 2011,$.18
Harbor Serpent,Magic 2011,$.18
Haunting Echoes,Magic 2011,$.37
Hoarding Dragon,Magic 2011,$.37
Holy Strength,Magic 2011,$.18
Honor of the Pure,Magic 2011,$1.23
Hornet Sting,Magic 2011,$.21
Howling Banshee,Magic 2011,$.21
Hunters' Feast,Magic 2011,$.17
Ice Cage,Magic 2011,$.18
Incite,Magic 2011,$.18
Infantry Veteran,Magic 2011,$.18
Inferno Titan,Magic 2011,$1.64
Inspired Charge,Magic 2011,$.18
Island (1),Magic 2011,$0
Island (2),Magic 2011,$0
Island (3),Magic 2011,$0
Island (4),Magic 2011,$0
Jace's Erasure,Magic 2011,$.26
Jace's Ingenuity,Magic 2011,$.25
Jace Beleren,Magic 2011,$9.42
Jinxed Idol,Magic 2011,$.37
Juggernaut,Magic 2011,$.24
Knight Exemplar,Magic 2011,$3.54
Kraken's Eye,Magic 2011,$.24
Lava Axe,Magic 2011,$.18
Leyline of Anticipation,Magic 2011,$6.54
Leyline of Punishment,Magic 2011,$1.22
Leyline of Sanctity,Magic 2011,$11.93
Leyline of Vitality,Magic 2011,$.55
Leyline of the Void,Magic 2011,$6.04
Lightning Bolt,Magic 2011,$2.55
Liliana's Caress,Magic 2011,$3.40
Liliana's Specter,Magic 2011,$.23
Liliana Vess,Magic 2011,$7.50
Llanowar Elves,Magic 2011,$.24
Magma Phoenix,Magic 2011,$.35
Mana Leak,Magic 2011,$.44
Manic Vandal,Magic 2011,$.21
Maritime Guard,Magic 2011,$.18
Mass Polymorph,Magic 2011,$.35
Merfolk Sovereign,Magic 2011,$.67
Merfolk Spy,Magic 2011,$.20
Mighty Leap,Magic 2011,$.18
Mind Control,Magic 2011,$.29
Mind Rot,Magic 2011,$.22
Mitotic Slime,Magic 2011,$.39
Mountain (1),Magic 2011,$0
Mountain (2),Magic 2011,$0
Mountain (3),Magic 2011,$0
Mountain (4),Magic 2011,$0
Mystifying Maze,Magic 2011,$1.21
Nantuko Shade,Magic 2011,$.48
Naturalize,Magic 2011,$.20
Nature's Spiral,Magic 2011,$.27
Necrotic Plague,Magic 2011,$.36
Negate,Magic 2011,$.20
Nether Horror,Magic 2011,$.18
Nightwing Shade,Magic 2011,$.18
Obstinate Baloth,Magic 2011,$2.37
Ornithopter,Magic 2011,$.39
Overwhelming Stampede,Magic 2011,$.77
Pacifism,Magic 2011,$.20
Palace Guard,Magic 2011,$.22
Phantom Beast,Magic 2011,$.21
Phylactery Lich,Magic 2011,$.43
Plains (1),Magic 2011,$0
Plains (2),Magic 2011,$0
Plains (3),Magic 2011,$0
Plains (4),Magic 2011,$0
Platinum Angel,Magic 2011,$9.00
Plummet,Magic 2011,$.19
Preordain,Magic 2011,$1.11
Primal Cocoon,Magic 2011,$.18
Primeval Titan,Magic 2011,$10.73
Prized Unicorn,Magic 2011,$.22
Prodigal Pyromancer,Magic 2011,$.22
Protean Hydra,Magic 2011,$1.72
Pyretic Ritual,Magic 2011,$.91
Pyroclasm,Magic 2011,$.54
Quag Sickness,Magic 2011,$.18
Reassembling Skeleton,Magic 2011,$.27
Redirect,Magic 2011,$.43
Relentless Rats,Magic 2011,$1.94
Reverberate,Magic 2011,$.47
Rise from the Grave,Magic 2011,$.25
Roc Egg,Magic 2011,$.25
Rootbound Crag,Magic 2011,$1.72
Rotting Legion,Magic 2011,$.18
Royal Assassin,Magic 2011,$.69
Runeclaw Bear,Magic 2011,$.18
Sacred Wolf,Magic 2011,$.20
Safe Passage,Magic 2011,$.18
Scroll Thief,Magic 2011,$.18
Serra Angel,Magic 2011,$.28
Serra Ascendant,Magic 2011,$18.70
Shiv's Embrace,Magic 2011,$.24
Siege Mastodon,Magic 2011,$.18
Sign in Blood,Magic 2011,$.22
Silence,Magic 2011,$.96
Silvercoat Lion,Magic 2011,$.18
Sleep,Magic 2011,$.24
Solemn Offering,Magic 2011,$.18
Sorcerer's Strongbox,Magic 2011,$.38
Spined Wurm,Magic 2011,$.18
Squadron Hawk,Magic 2011,$.46
Stabbing Pain,Magic 2011,$.18
Steel Overseer,Magic 2011,$11.55
Stone Golem,Magic 2011,$.28
Stormfront Pegasus,Magic 2011,$.18
Stormtide Leviathan,Magic 2011,$.40
Sun Titan,Magic 2011,$2.68
Sunpetal Grove,Magic 2011,$2.30
Swamp (1),Magic 2011,$0
Swamp (2),Magic 2011,$0
Swamp (3),Magic 2011,$0
Swamp (4),Magic 2011,$0.01
Sword of Vengeance,Magic 2011,$.96
Sylvan Ranger,Magic 2011,$.27
Temple Bell,Magic 2011,$.52
Terramorphic Expanse,Magic 2011,$.26
Thunder Strike,Magic 2011,$.18
Time Reversal,Magic 2011,$1.03
Tireless Missionaries,Magic 2011,$.18
Tome Scour,Magic 2011,$.24
Traumatize,Magic 2011,$1.86
Triskelion,Magic 2011,$.38
Unholy Strength,Magic 2011,$.22
Unsummon,Magic 2011,$.21
Vengeful Archon,Magic 2011,$.37
Viscera Seer,Magic 2011,$.30
Volcanic Strength,Magic 2011,$.18
Voltaic Key,Magic 2011,$.87
Vulshok Berserker,Magic 2011,$.18
Wall of Frost,Magic 2011,$.34
Wall of Vines,Magic 2011,$.22
War Priest of Thune,Magic 2011,$.24
Warlord's Axe,Magic 2011,$.37
Water Servant,Magic 2011,$.22
Whispersilk Cloak,Magic 2011,$.49
White Knight,Magic 2011,$.26
Wild Evocation,Magic 2011,$.34
Wild Griffin,Magic 2011,$.18
Wurm's Tooth,Magic 2011,$.22
Yavimaya Wurm,Magic 2011,$.18
AEther Adept,Magic 2012,$0.11
Acidic Slime,Magic 2012,$0.23
Act of Treason,Magic 2012,$0.14
Adaptive Automaton,Magic 2012,$3.18
Aegis Angel,Magic 2012,$.69
Alabaster Mage,Magic 2012,$0.17
Alluring Siren,Magic 2012,$0.18
Amphin Cutthroat,Magic 2012,$0.14
Angel's Feather,Magic 2012,$0.18
Angel's Mercy,Magic 2012,$0.14
Angelic Destiny,Magic 2012,$6.89
Arachnus Spinner,Magic 2012,$0.34
Arachnus Web,Magic 2012,$0.17
Arbalest Elite,Magic 2012,$0.18
Archon of Justice,Magic 2012,$0.34
Armored Warhorse,Magic 2012,$0.14
Assault Griffin,Magic 2012,$0.14
Auramancer,Magic 2012,$0.14
Autumn's Veil,Magic 2012,$0.18
Aven Fleetwing,Magic 2012,$0.14
Azure Mage,Magic 2012,$0.2
Belltower Sphinx,Magic 2012,$0.18
Benalish Veteran,Magic 2012,$0.14
Birds of Paradise,Magic 2012,$3.51
Blood Ogre,Magic 2012,$0.14
Blood Seeker,Magic 2012,$0.14
Bloodlord of Vaasgoth,Magic 2012,$1.37
Bloodrage Vampire,Magic 2012,$0.14
Bonebreaker Giant,Magic 2012,$0.14
Bountiful Harvest,Magic 2012,$0.14
Brindle Boar,Magic 2012,$0.14
Brink of Disaster,Magic 2012,$0.13
Buried Ruin,Magic 2012,$0.4
Call to the Grave,Magic 2012,$0.57
Cancel,Magic 2012,$0.14
Carnage Wurm,Magic 2012,$0.18
Celestial Purge,Magic 2012,$0.18
Cemetery Reaper,Magic 2012,$1.87
Chandra's Outrage,Magic 2012,$0.14
Chandra's Phoenix,Magic 2012,$4.02
Chandra the Firebrand,Magic 2012,$4.03
Chasm Drake,Magic 2012,$0.14
Child of Night,Magic 2012,$0.14
Circle of Flame,Magic 2012,$0.18
Combust,Magic 2012,$0.2
Consume Spirit,Magic 2012,$0.18
Coral Merfolk,Magic 2012,$0.14
Crimson Mage,Magic 2012,$0.17
Crown of Empires,Magic 2012,$0.19
Crumbling Colossus,Magic 2012,$0.17
Cudgel Troll,Magic 2012,$0.2
Dark Favor,Magic 2012,$0.14
Day of Judgment,Magic 2012,$1.6
Deathmark,Magic 2012,$0.19
Demon's Horn,Magic 2012,$0.18
Demystify,Magic 2012,$0.14
Devouring Swarm,Magic 2012,$0.14
Diabolic Tutor,Magic 2012,$0.34
Disentomb,Magic 2012,$0.14
Distress,Magic 2012,$0.18
Divination,Magic 2012,$0.14
Divine Favor,Magic 2012,$0.14
Djinn of Wishes,Magic 2012,$0.29
Doom Blade,Magic 2012,$0.31
Doubling Chant,Magic 2012,$0.44
Dragon's Claw,Magic 2012,$0.18
Dragonskull Summit,Magic 2012,$2.48
Drifting Shade,Magic 2012,$0.14
Drowned Catacomb,Magic 2012,$2.04
Druidic Satchel,Magic 2012,$0.38
Dungrove Elder,Magic 2012,$2.79
Duskhunter Bat,Magic 2012,$0.14
Elite Vanguard,Magic 2012,$0.21
Elixir of Immortality,Magic 2012,$0.48
Elvish Archdruid,Magic 2012,$1.49
Fiery Hellhound,Magic 2012,$0.14
Fireball,Magic 2012,$0.18
Firebreathing,Magic 2012,$0.14
Flameblast Dragon,Magic 2012,$0.43
Flashfreeze,Magic 2012,$0.2
Flight,Magic 2012,$0.14
Fling,Magic 2012,$0.14
Fog,Magic 2012,$0.15
Frost Breath,Magic 2012,$0.15
Frost Titan,Magic 2012,$1.3
Furyborn Hellkite,Magic 2012,$2.99
Garruk's Companion,Magic 2012,$0.15
Garruk's Horde,Magic 2012,$0.34
Garruk Primal Hunter,Magic 2012,$6.3
Giant Spider,Magic 2012,$0.14
Gideon's Avenger,Magic 2012,$0.93
Gideon's Lawkeeper,Magic 2012,$0.2
Gideon Jura,Magic 2012,$4.35
Glacial Fortress,Magic 2012,$2.21
Gladecover Scout,Magic 2012,$0.24
Goblin Arsonist,Magic 2012,$0.14
Goblin Bangchuckers,Magic 2012,$0.18
Goblin Chieftain,Magic 2012,$2.35
Goblin Fireslinger,Magic 2012,$0.21
Goblin Grenade,Magic 2012,$0.54
Goblin Piker,Magic 2012,$0.14
Goblin Tunneler,Magic 2012,$0.14
Goblin War Paint,Magic 2012,$0.14
Gorehorn Minotaurs,Magic 2012,$0.18
Grand Abolisher,Magic 2012,$6.44
Grave Titan,Magic 2012,$8.23
Gravedigger,Magic 2012,$0.14
Greater Basilisk,Magic 2012,$0.14
Greatsword,Magic 2012,$0.18
Griffin Rider,Magic 2012,$0.14
Griffin Sentinel,Magic 2012,$0.14
Grim Lavamancer,Magic 2012,$3.2
Guardians' Pledge,Magic 2012,$0.14
Harbor Serpent,Magic 2012,$0.14
Hideous Visage,Magic 2012,$0.14
Honor of the Pure,Magic 2012,$2.6
Hunter's Insight,Magic 2012,$0.22
Ice Cage,Magic 2012,$0.14
Incinerate,Magic 2012,$0.27
Inferno Titan,Magic 2012,$1.86
Jace's Archivist,Magic 2012,$0.52
Jace's Erasure,Magic 2012,$0.22
Jace Memory Adept,Magic 2012,$9.18
Jade Mage,Magic 2012,$0.2
Kite Shield,Magic 2012,$0.18
Kraken's Eye,Magic 2012,$0.18
Lava Axe,Magic 2012,$0.14
Levitation,Magic 2012,$0.19
Lifelink,Magic 2012,$0.18
Lightning Elemental,Magic 2012,$0.14
Llanowar Elves,Magic 2012,$0.2
Lord of the Unreal,Magic 2012,$0.71
Lure,Magic 2012,$0.2
Lurking Crocodile,Magic 2012,$0.13
Mana Leak,Magic 2012,$0.35
Manabarbs,Magic 2012,$0.33
Manalith,Magic 2012,$0.2
Manic Vandal,Magic 2012,$0.18
Master Thief,Magic 2012,$0.18
Merfolk Looter,Magic 2012,$0.15
Merfolk Mesmerist,Magic 2012,$0.17
Mesa Enchantress,Magic 2012,$0.35
Mighty Leap,Magic 2012,$0.14
Mind Control,Magic 2012,$0.18
Mind Rot,Magic 2012,$0.14
Mind Unbound,Magic 2012,$0.41
Monomania,Magic 2012,$0.34
Naturalize,Magic 2012,$0.14
Negate,Magic 2012,$0.18
Oblivion Ring,Magic 2012,$0.41
Onyx Mage,Magic 2012,$0.19
Overrun,Magic 2012,$0.3
Pacifism,Magic 2012,$0.14
Pentavus,Magic 2012,$0.3
Peregrine Griffin,Magic 2012,$0.14
Personal Sanctuary,Magic 2012,$0.31
Phantasmal Bear,Magic 2012,$0.28
Phantasmal Dragon,Magic 2012,$0.21
Phantasmal Image,Magic 2012,$7.85
Plummet,Magic 2012,$0.14
Ponder,Magic 2012,$0.96
Pride Guardian,Magic 2012,$0.22
Primeval Titan,Magic 2012,$14.31
Primordial Hydra,Magic 2012,$7.26
Quicksilver Amulet,Magic 2012,$7.74
Rampant Growth,Magic 2012,$0.25
Reassembling Skeleton,Magic 2012,$0.25
Reclaim,Magic 2012,$0.16
Redirect,Magic 2012,$0.36
Reverberate,Magic 2012,$0.48
Rites of Flourishing,Magic 2012,$0.63
Roc Egg,Magic 2012,$0.18
Rootbound Crag,Magic 2012,$2.3
Royal Assassin,Magic 2012,$0.54
Rune-Scarred Demon,Magic 2012,$3.39
Runeclaw Bear,Magic 2012,$0.14
Rusted Sentinel,Magic 2012,$0.18
Sacred Wolf,Magic 2012,$0.15
Scepter of Empires,Magic 2012,$0.19
Scrambleverse,Magic 2012,$0.34
Sengir Vampire,Magic 2012,$0.2
Serra Angel,Magic 2012,$0.19
Shock,Magic 2012,$0.22
Siege Mastodon,Magic 2012,$0.14
Skinshifter,Magic 2012,$0.47
Skywinder Drake,Magic 2012,$0.14
Slaughter Cry,Magic 2012,$0.14
Smallpox,Magic 2012,$0.34
Solemn Simulacrum,Magic 2012,$3.84
Sorin's Thirst,Magic 2012,$0.16
Sorin's Vengeance,Magic 2012,$0.94
Sorin Markov,Magic 2012,$14.58
Sphinx of Uthuun,Magic 2012,$0.3
Spirit Mantle,Magic 2012,$2
Stampeding Rhino,Magic 2012,$0.14
Stave Off,Magic 2012,$0.14
Stingerfling Spider,Magic 2012,$0.18
Stonehorn Dignitary,Magic 2012,$0.18
Stormblood Berserker,Magic 2012,$0.27
Stormfront Pegasus,Magic 2012,$0.14
Sun Titan,Magic 2012,$3.63
Sundial of the Infinite,Magic 2012,$0.49
Sunpetal Grove,Magic 2012,$2.4
Sutured Ghoul,Magic 2012,$0.33
Swiftfoot Boots,Magic 2012,$1.13
Taste of Blood,Magic 2012,$0.14
Tectonic Rift,Magic 2012,$0.17
Thran Golem,Magic 2012,$0.2
Throne of Empires,Magic 2012,$0.39
Time Reversal,Magic 2012,$0.85
Timely Reinforcements,Magic 2012,$0.56
Titanic Growth,Magic 2012,$0.18
Tormented Soul,Magic 2012,$0.17
Trollhide,Magic 2012,$0.14
Turn to Frog,Magic 2012,$0.2
Unsummon,Magic 2012,$0.14
Vampire Outcasts,Magic 2012,$0.19
Vastwood Gorger,Magic 2012,$0.13
Vengeful Pharaoh,Magic 2012,$0.55
Visions of Beyond,Magic 2012,$1.92
Volcanic Dragon,Magic 2012,$0.19
Wall of Torches,Magic 2012,$0.14
Warpath Ghoul,Magic 2012,$0.14
Warstorm Surge,Magic 2012,$0.42
Worldslayer,Magic 2012,$0.36
Wring Flesh,Magic 2012,$0.14
Wurm's Tooth,Magic 2012,$0.18
Zombie Goliath,Magic 2012,$0.14
Zombie Infestation,Magic 2012,$0.3
Acidic Slime,Magic 2013,$.25
Ajani's Sunstriker,Magic 2013,$.21
Ajani Caller of the Pride,Magic 2013,$5.84
Akroma's Memorial,Magic 2013,$13.43
Angel's Mercy,Magic 2013,$.20
Angelic Benediction,Magic 2013,$.26
Arbor Elf,Magic 2013,$.24
Archaeomancer,Magic 2013,$.21
Arctic Aven,Magic 2013,$.24
Arms Dealer,Magic 2013,$.26
Attended Knight,Magic 2013,$.20
Augur of Bolas,Magic 2013,$.29
Aven Squire,Magic 2013,$.19
Battle of Wits,Magic 2013,$.35
Battleflight Eagle,Magic 2013,$.18
Bladetusk Boar,Magic 2013,$.18
Blood Reckoning,Magic 2013,$.24
Bloodhunter Bat,Magic 2013,$.18
Bloodthrone Vampire,Magic 2013,$.17
Bond Beetle,Magic 2013,$.18
Boundless Realms,Magic 2013,$1.57
Bountiful Harvest,Magic 2013,$.18
Canyon Minotaur,Magic 2013,$.18
Captain's Call,Magic 2013,$.21
Captain of the Watch,Magic 2013,$.88
Cathedral of War,Magic 2013,$1.59
Centaur Courser,Magic 2013,$.18
Chandra's Fury,Magic 2013,$.20
Chandra the Firebrand,Magic 2013,$3.94
Chronomaton,Magic 2013,$.24
Cleaver Riot,Magic 2013,$.24
Clock of Omens,Magic 2013,$.26
Clone,Magic 2013,$.35
Courtly Provocateur,Magic 2013,$.24
Cower in Fear,Magic 2013,$.24
Craterize,Magic 2013,$.18
Crimson Muckwader,Magic 2013,$.24
Crippling Blight,Magic 2013,$.20
Crusader of Odric,Magic 2013,$.31
Dark Favor,Magic 2013,$.20
Deadly Recluse,Magic 2013,$.20
Diabolic Revelation,Magic 2013,$1.10
Disciple of Bolas,Magic 2013,$.44
Disentomb,Magic 2013,$.20
Divination,Magic 2013,$.20
Divine Favor,Magic 2013,$.18
Divine Verdict,Magic 2013,$.18
Door to Nothingness,Magic 2013,$1.10
Downpour,Magic 2013,$.19
Dragon Hatchling,Magic 2013,$.20
Dragonskull Summit,Magic 2013,$2.34
Drowned Catacomb,Magic 2013,$2.89
Duress,Magic 2013,$.22
Duskdale Wurm,Magic 2013,$.24
Duskmantle Prowler,Magic 2013,$.24
Duty-Bound Dead,Magic 2013,$.25
Elderscale Wurm,Magic 2013,$2.36
Elixir of Immortality,Magic 2013,$.37
Elvish Archdruid,Magic 2013,$1.96
Elvish Visionary,Magic 2013,$.24
Encrust,Magic 2013,$.20
Erase,Magic 2013,$.22
Essence Drain,Magic 2013,$.18
Essence Scatter,Magic 2013,$.18
Evolving Wilds,Magic 2013,$.22
Faerie Invaders,Magic 2013,$.18
Faith's Reward,Magic 2013,$.79
Farseek,Magic 2013,$.23
Fervor,Magic 2013,$.44
Fire Elemental,Magic 2013,$.18
Firewing Phoenix,Magic 2013,$.32
Flames of the Firebrand,Magic 2013,$.26
Flinthoof Boar,Magic 2013,$.34
Fog,Magic 2013,$.21
Fog Bank,Magic 2013,$.80
Forest (1),Magic 2013,$0
Forest (2),Magic 2013,$0
Forest (3),Magic 2013,$0
Forest (4),Magic 2013,$0.01
Fungal Sprouting,Magic 2013,$.29
Furnace Whelp,Magic 2013,$.26
Garruk's Packleader,Magic 2013,$.28
Garruk Primal Hunter,Magic 2013,$7.27
Gem of Becoming,Magic 2013,$.26
Giant Scorpion,Magic 2013,$.18
Gilded Lotus,Magic 2013,$6.88
Glacial Fortress,Magic 2013,$2.04
Glorious Charge,Magic 2013,$.20
Goblin Arsonist,Magic 2013,$.23
Goblin Battle Jester,Magic 2013,$.18
Griffin Protector,Magic 2013,$.18
Ground Seal,Magic 2013,$.42
Guardian Lions,Magic 2013,$.18
Guardians of Akrasa,Magic 2013,$.19
Hamletback Goliath,Magic 2013,$.32
Harbor Bandit,Magic 2013,$.26
Harbor Serpent,Magic 2013,$.18
Healer of the Pride,Magic 2013,$.26
Hellion Crucible,Magic 2013,$.35
Hydrosurge,Magic 2013,$.18
Index,Magic 2013,$.18
Intrepid Hero,Magic 2013,$.66
Island (1),Magic 2013,$0
Island (2),Magic 2013,$0
Island (3),Magic 2013,$0
Island (4),Magic 2013,$0.01
Jace's Phantasm,Magic 2013,$1.20
Jace Memory Adept,Magic 2013,$5.71
Jayemdae Tome,Magic 2013,$.26
Kindled Fury,Magic 2013,$.18
Kitesail,Magic 2013,$.28
Knight of Glory,Magic 2013,$.35
Knight of Infamy,Magic 2013,$.32
Kraken Hatchling,Magic 2013,$.18
Krenko's Command,Magic 2013,$.26
Krenko Mob Boss,Magic 2013,$4.77
Liliana's Shade,Magic 2013,$.23
Liliana of the Dark Realms,Magic 2013,$7.06
Magmaquake,Magic 2013,$.37
Mark of Mutiny,Magic 2013,$.26
Mark of the Vampire,Magic 2013,$.22
Master of the Pearl Trident,Magic 2013,$7.77
Merfolk of the Pearl Trident,Magic 2013,$.18
Mind Rot,Magic 2013,$.18
Mind Sculpt,Magic 2013,$.34
Mindclaw Shaman,Magic 2013,$.26
Mogg Flunkies,Magic 2013,$.18
Mountain (1),Magic 2013,$0
Mountain (2),Magic 2013,$0
Mountain (3),Magic 2013,$0
Mountain (4),Magic 2013,$0.01
Murder,Magic 2013,$.75
Mutilate,Magic 2013,$.73
Mwonvuli Beast Tracker,Magic 2013,$.26
Naturalize,Magic 2013,$.18
Nefarox Overlord of Grixis,Magic 2013,$.62
Negate,Magic 2013,$.20
Nicol Bolas Planeswalker,Magic 2013,$11.12
Oblivion Ring,Magic 2013,$.29
Odric Master Tactician,Magic 2013,$1.00
Omniscience,Magic 2013,$25.82
Pacifism,Magic 2013,$.18
Phylactery Lich,Magic 2013,$.37
Phyrexian Hulk,Magic 2013,$.24
Pillarfield Ox,Magic 2013,$.18
Plains (1),Magic 2013,$0
Plains (2),Magic 2013,$0
Plains (3),Magic 2013,$0
Plains (4),Magic 2013,$0.01
Planar Cleansing,Magic 2013,$.37
Plummet,Magic 2013,$.18
Predatory Rampage,Magic 2013,$.32
Prey Upon,Magic 2013,$.23
Primal Clay,Magic 2013,$.24
Primal Huntbeast,Magic 2013,$.21
Primordial Hydra,Magic 2013,$8.35
Prized Elephant,Magic 2013,$.26
Public Execution,Magic 2013,$.26
Quirion Dryad,Magic 2013,$.33
Rain of Blades,Magic 2013,$.24
Rancor,Magic 2013,$2.54
Ranger's Path,Magic 2013,$.21
Ravenous Rats,Magic 2013,$.21
Reckless Brute,Magic 2013,$.18
Redirect,Magic 2013,$.46
Reliquary Tower,Magic 2013,$3.56
Reverberate,Magic 2013,$.52
Revive,Magic 2013,$.24
Rewind,Magic 2013,$.27
Rhox Faithmender,Magic 2013,$3.78
Ring of Evos Isle,Magic 2013,$.26
Ring of Kalonia,Magic 2013,$.29
Ring of Thune,Magic 2013,$.26
Ring of Valkas,Magic 2013,$.27
Ring of Xathrid,Magic 2013,$.27
Rise from the Grave,Magic 2013,$.26
Roaring Primadox,Magic 2013,$.24
Rootbound Crag,Magic 2013,$1.85
Rummaging Goblin,Magic 2013,$.18
Safe Passage,Magic 2013,$.19
Sands of Delirium,Magic 2013,$.88
Scroll Thief,Magic 2013,$.18
Searing Spear,Magic 2013,$.28
Sentinel Spider,Magic 2013,$.19
Serpent's Gift,Magic 2013,$.18
Serra Angel,Magic 2013,$.24
Serra Avatar,Magic 2013,$1.27
Serra Avenger,Magic 2013,$1.80
Servant of Nefarox,Magic 2013,$.18
Shimian Specter,Magic 2013,$.37
Show of Valor,Magic 2013,$.18
Sign in Blood,Magic 2013,$.22
Silklash Spider,Magic 2013,$.35
Silvercoat Lion,Magic 2013,$.18
Sleep,Magic 2013,$.26
Slumbering Dragon,Magic 2013,$2.13
Smelt,Magic 2013,$.18
Spelltwine,Magic 2013,$.35
Sphinx of Uthuun,Magic 2013,$.34
Spiked Baloth,Magic 2013,$.18
Staff of Nin,Magic 2013,$1.09
Stormtide Leviathan,Magic 2013,$.38
Stuffy Doll,Magic 2013,$2.21
Sublime Archangel,Magic 2013,$9.09
Sunpetal Grove,Magic 2013,$2.44
Swamp (1),Magic 2013,$0
Swamp (2),Magic 2013,$0
Swamp (3),Magic 2013,$0
Swamp (4),Magic 2013,$0.01
Switcheroo,Magic 2013,$.26
Talrand's Invocation,Magic 2013,$.26
Talrand Sky Summoner,Magic 2013,$1.54
Thragtusk,Magic 2013,$5.07
Thundermaw Hellkite,Magic 2013,$9.41
Timberpack Wolf,Magic 2013,$.18
Titanic Growth,Magic 2013,$.21
Torch Fiend,Magic 2013,$.22
Tormented Soul,Magic 2013,$.20
Tormod's Crypt,Magic 2013,$.31
Touch of the Eternal,Magic 2013,$.32
Trading Post,Magic 2013,$.36
Tricks of the Trade,Magic 2013,$.20
Trumpet Blast,Magic 2013,$.18
Turn to Slag,Magic 2013,$.18
Unsummon,Magic 2013,$.21
Vampire Nighthawk,Magic 2013,$1.11
Vampire Nocturnus,Magic 2013,$5.33
Vastwood Gorger,Magic 2013,$.18
Vedalken Entrancer,Magic 2013,$.18
Veilborn Ghoul,Magic 2013,$.24
Vile Rebirth,Magic 2013,$.18
Void Stalker,Magic 2013,$.32
Volcanic Geyser,Magic 2013,$.24
Volcanic Strength,Magic 2013,$.18
Walking Corpse,Magic 2013,$.18
Wall of Fire,Magic 2013,$.20
War Falcon,Magic 2013,$.20
War Priest of Thune,Magic 2013,$.26
Warclamp Mastiff,Magic 2013,$.18
Watercourser,Magic 2013,$.18
Welkin Tern,Magic 2013,$.18
Wild Guess,Magic 2013,$.19
Wind Drake,Magic 2013,$.18
Wit's End,Magic 2013,$.32
Worldfire,Magic 2013,$1.18
Xathrid Gorgon,Magic 2013,$.35
Yeva's Forcemage,Magic 2013,$.18
Yeva Nature's Herald,Magic 2013,$.56
Zombie Goliath,Magic 2013,$.18
Academy Raider,Magic 2014,$.18
Accorder's Shield,Magic 2014,$.21
Accursed Spirit,Magic 2014,$.18
Act of Treason,Magic 2014,$.19
Advocate of the Beast,Magic 2014,$.18
Air Servant,Magic 2014,$.22
Ajani's Chosen,Magic 2014,$.42
Ajani Caller of the Pride,Magic 2014,$5.24
Altar's Reap,Magic 2014,$.18
Angelic Accord,Magic 2014,$.37
Angelic Wall,Magic 2014,$.18
Archaeomancer,Magic 2014,$.20
Archangel of Thune,Magic 2014,$16.48
Armored Cancrix,Magic 2014,$.18
Artificer's Hex,Magic 2014,$.26
Auramancer,Magic 2014,$.18
Awaken the Ancient,Magic 2014,$.40
Banisher Priest,Magic 2014,$.29
Barrage of Expendables,Magic 2014,$.25
Battle Sliver,Magic 2014,$.31
Blessing,Magic 2014,$.24
Blightcaster,Magic 2014,$.26
Blood Bairn,Magic 2014,$.18
Blur Sliver,Magic 2014,$.28
Bogbrew Witch,Magic 2014,$.40
Bonescythe Sliver,Magic 2014,$2.14
Bramblecrush,Magic 2014,$.24
Brave the Elements,Magic 2014,$.41
Briarpack Alpha,Magic 2014,$.21
Brindle Boar,Magic 2014,$.18
Bubbling Cauldron,Magic 2014,$.28
Burning Earth,Magic 2014,$.39
Cancel,Magic 2014,$.20
Canyon Minotaur,Magic 2014,$.18
Capashen Knight,Magic 2014,$.18
Celestial Flare,Magic 2014,$.25
Chandra's Outrage,Magic 2014,$.18
Chandra's Phoenix,Magic 2014,$.58
Chandra Pyromaster,Magic 2014,$3.77
Charging Griffin,Magic 2014,$.18
Child of Night,Magic 2014,$.18
Claustrophobia,Magic 2014,$.18
Clone,Magic 2014,$.37
Colossal Whale,Magic 2014,$.36
Congregate,Magic 2014,$.28
Coral Merfolk,Magic 2014,$.18
Corpse Hauler,Magic 2014,$.18
Corrupt,Magic 2014,$.28
Cyclops Tyrant,Magic 2014,$.18
Dark Favor,Magic 2014,$.18
Dark Prophecy,Magic 2014,$.43
Darksteel Forge,Magic 2014,$4.41
Darksteel Ingot,Magic 2014,$.34
Dawnstrike Paladin,Magic 2014,$.18
Deadly Recluse,Magic 2014,$.19
Deathgaze Cockatrice,Magic 2014,$.18
Demolish,Magic 2014,$.18
Devout Invocation,Magic 2014,$1.10
Diabolic Tutor,Magic 2014,$.37
Dismiss into Dream,Magic 2014,$.35
Disperse,Magic 2014,$.18
Divination,Magic 2014,$.18
Divine Favor,Magic 2014,$.18
Domestication,Magic 2014,$.34
Doom Blade,Magic 2014,$.33
Door of Destinies,Magic 2014,$3.68
Dragon Egg,Magic 2014,$.30
Dragon Hatchling,Magic 2014,$.20
Duress,Magic 2014,$.21
Elite Arcanist,Magic 2014,$.39
Elixir of Immortality,Magic 2014,$.34
Elvish Mystic,Magic 2014,$.36
Encroaching Wastes,Magic 2014,$.26
Enlarge,Magic 2014,$.24
Essence Scatter,Magic 2014,$.25
Festering Newt,Magic 2014,$.21
Fiendslayer Paladin,Magic 2014,$1.84
Fireshrieker,Magic 2014,$.26
Flames of the Firebrand,Magic 2014,$.24
Fleshpulper Giant,Magic 2014,$.24
Fog,Magic 2014,$.21
Forest (1),Magic 2014,$0.01
Forest (2),Magic 2014,$0
Forest (3),Magic 2014,$0
Forest (4),Magic 2014,$0.01
Fortify,Magic 2014,$.18
Frost Breath,Magic 2014,$.18
Galerider Sliver,Magic 2014,$4.51
Garruk's Horde,Magic 2014,$.33
Garruk Caller of Beasts,Magic 2014,$5.50
Giant Growth,Magic 2014,$.20
Giant Spider,Magic 2014,$.18
Gladecover Scout,Magic 2014,$.24
Glimpse the Future,Magic 2014,$.26
Gnawing Zombie,Magic 2014,$.26
Goblin Diplomats,Magic 2014,$.32
Goblin Shortcutter,Magic 2014,$.18
Griffin Sentinel,Magic 2014,$.18
Grim Return,Magic 2014,$.42
Groundshaker Sliver,Magic 2014,$.20
Guardian of the Ages,Magic 2014,$.32
Haunted Plate Mail,Magic 2014,$.35
Hive Stirrings,Magic 2014,$.24
Howl of the Night Pack,Magic 2014,$.26
Hunt the Weak,Magic 2014,$.18
Illusionary Armor,Magic 2014,$.24
Imposing Sovereign,Magic 2014,$.56
Indestructibility,Magic 2014,$.62
Into the Wilds,Magic 2014,$.38
Island (1),Magic 2014,$0
Island (2),Magic 2014,$0
Island (3),Magic 2014,$0
Island (4),Magic 2014,$0.01
Jace's Mindseeker,Magic 2014,$.34
Jace Memory Adept,Magic 2014,$5.88
Kalonian Hydra,Magic 2014,$8.29
Kalonian Tusker,Magic 2014,$.32
Lava Axe,Magic 2014,$.18
Lay of the Land,Magic 2014,$.21
Lifebane Zombie,Magic 2014,$.81
Lightning Talons,Magic 2014,$.18
Liliana's Reaver,Magic 2014,$.57
Liliana of the Dark Realms,Magic 2014,$6.27
Liturgy of Blood,Magic 2014,$.18
Manaweft Sliver,Magic 2014,$1.72
Marauding Maulhorn,Magic 2014,$.18
Mark of the Vampire,Magic 2014,$.18
Master of Diversion,Magic 2014,$.18
Megantic Sliver,Magic 2014,$.69
Merfolk Spy,Magic 2014,$.18
Messenger Drake,Magic 2014,$.18
Millstone,Magic 2014,$.26
Mind Rot,Magic 2014,$.18
Mindsparker,Magic 2014,$.37
Minotaur Abomination,Magic 2014,$.18
Molten Birth,Magic 2014,$.24
Mountain (1),Magic 2014,$0
Mountain (2),Magic 2014,$0
Mountain (3),Magic 2014,$0
Mountain (4),Magic 2014,$0.01
Mutavault,Magic 2014,$14.66
Naturalize,Magic 2014,$.18
Negate,Magic 2014,$.21
Nephalia Seakite,Magic 2014,$.18
Nightmare,Magic 2014,$.34
Nightwing Shade,Magic 2014,$.18
Oath of the Ancient Wood,Magic 2014,$.34
Ogre Battledriver,Magic 2014,$.37
Opportunity,Magic 2014,$.26
Pacifism,Magic 2014,$.18
Path of Bravery,Magic 2014,$.42
Pay No Heed,Magic 2014,$.18
Phantom Warrior,Magic 2014,$.26
Pillarfield Ox,Magic 2014,$.18
Pitchburn Devils,Magic 2014,$.18
Plains (1),Magic 2014,$0
Plains (2),Magic 2014,$0
Plains (3),Magic 2014,$0
Plains (4),Magic 2014,$0.01
Planar Cleansing,Magic 2014,$.37
Plummet,Magic 2014,$.18
Predatory Sliver,Magic 2014,$.31
Primeval Bounty,Magic 2014,$3.58
Pyromancer's Gauntlet,Magic 2014,$.32
Quag Sickness,Magic 2014,$.18
Quicken,Magic 2014,$2.81
Ranger's Guile,Magic 2014,$.24
Ratchet Bomb,Magic 2014,$.53
Regathan Firecat,Magic 2014,$.18
Ring of Three Wishes,Magic 2014,$2.58
Rise of the Dark Realms,Magic 2014,$5.07
Rod of Ruin,Magic 2014,$.24
Rootwalla,Magic 2014,$.18
Rumbling Baloth,Magic 2014,$.18
Sanguine Bond,Magic 2014,$1.90
Savage Summoning,Magic 2014,$.38
Scavenging Ooze,Magic 2014,$5.82
Scourge of Valkas,Magic 2014,$3.99
Scroll Thief,Magic 2014,$.18
Seacoast Drake,Magic 2014,$.18
Seismic Stomp,Magic 2014,$.18
Sengir Vampire,Magic 2014,$.26
Sensory Deprivation,Magic 2014,$.18
Sentinel Sliver,Magic 2014,$.30
Seraph of the Sword,Magic 2014,$.68
Serra Angel,Magic 2014,$.24
Shadowborn Apostle,Magic 2014,$1.19
Shadowborn Demon,Magic 2014,$1.11
Shimmering Grotto,Magic 2014,$.24
Shiv's Embrace,Magic 2014,$.26
Shivan Dragon,Magic 2014,$.36
Shock,Magic 2014,$.23
Show of Valor,Magic 2014,$.18
Shrivel,Magic 2014,$.18
Siege Mastodon,Magic 2014,$.18
Silence,Magic 2014,$.98
Sliver Construct,Magic 2014,$.19
Smelt,Magic 2014,$.18
Solemn Offering,Magic 2014,$.18
Soulmender,Magic 2014,$.18
Spell Blast,Magic 2014,$.26
Sporemound,Magic 2014,$.18
Staff of the Death Magus,Magic 2014,$.26
Staff of the Flame Magus,Magic 2014,$.26
Staff of the Mind Magus,Magic 2014,$.26
Staff of the Sun Magus,Magic 2014,$.28
Staff of the Wild Magus,Magic 2014,$.26
Steelform Sliver,Magic 2014,$.26
Stonehorn Chanter,Magic 2014,$.24
Striking Sliver,Magic 2014,$.26
Strionic Resonator,Magic 2014,$.91
Suntail Hawk,Magic 2014,$.18
Swamp (1),Magic 2014,$0.01
Swamp (2),Magic 2014,$0.01
Swamp (3),Magic 2014,$0.01
Swamp (4),Magic 2014,$0.01
Syphon Sliver,Magic 2014,$2.22
Tenacious Dead,Magic 2014,$.29
Thorncaster Sliver,Magic 2014,$.76
Thunder Strike,Magic 2014,$.18
Tidebinder Mage,Magic 2014,$1.29
Time Ebb,Magic 2014,$.18
Tome Scour,Magic 2014,$.24
Trading Post,Magic 2014,$.38
Trained Condor,Magic 2014,$.18
Traumatize,Magic 2014,$1.99
Trollhide,Magic 2014,$.18
Undead Minotaur,Magic 2014,$.18
Vampire Warlord,Magic 2014,$.24
Vastwood Hydra,Magic 2014,$.95
Verdant Haven,Magic 2014,$.18
Vial of Poison,Magic 2014,$.26
Vile Rebirth,Magic 2014,$.18
Volcanic Geyser,Magic 2014,$.26
Voracious Wurm,Magic 2014,$.26
Wall of Frost,Magic 2014,$.27
Wall of Swords,Magic 2014,$.26
Warden of Evos Isle,Magic 2014,$.24
Water Servant,Magic 2014,$.25
Wild Guess,Magic 2014,$.20
Wild Ricochet,Magic 2014,$.36
Windreader Sphinx,Magic 2014,$.88
Windstorm,Magic 2014,$.29
Witchstalker,Magic 2014,$.59
Woodborn Behemoth,Magic 2014,$.27
Wring Flesh,Magic 2014,$.18
Xathrid Necromancer,Magic 2014,$.38
Young Pyromancer,Magic 2014,$2.85
Zephyr Charge,Magic 2014,$.18
AEtherspouts,Magic 2015,$.84
Accursed Spirit,Magic 2015,$.18
Act on Impulse,Magic 2015,$.25
Aegis Angel,Magic 2015,$.68
Aeronaut Tinkerer,Magic 2015,$.18
Aggressive Mining,Magic 2015,$.29
Ajani's Pridemate,Magic 2015,$.48
Ajani Steadfast,Magic 2015,$6.73
Altac Bloodseeker,Magic 2015,$.24
Amphin Pathmage,Magic 2015,$.18
Ancient Silverback,Magic 2015,$.22
Avacyn Guardian Angel,Magic 2015,$.50
Avarice Amulet,Magic 2015,$.26
Back to Nature,Magic 2015,$.29
Battle Mastery,Magic 2015,$.24
Battlefield Forge,Magic 2015,$1.50
Belligerent Sliver,Magic 2015,$.29
Black Cat,Magic 2015,$.18
Blastfire Bolt,Magic 2015,$.18
Blood Host,Magic 2015,$.23
Boonweaver Giant,Magic 2015,$.24
Borderland Marauder,Magic 2015,$.18
Brawler's Plate,Magic 2015,$.24
Bronze Sable,Magic 2015,$.18
Brood Keeper,Magic 2015,$.24
Burning Anger,Magic 2015,$.29
Cancel,Magic 2015,$.42
Carnivorous Moss-Beast,Magic 2015,$.22
Carrion Crow,Magic 2015,$.18
Caustic Tar,Magic 2015,$.22
Caves of Koilos,Magic 2015,$1.24
Centaur Courser,Magic 2015,$.33
Chandra Pyromaster,Magic 2015,$3.65
Charging Rhino,Magic 2015,$.18
Chasm Skulker,Magic 2015,$1.91
Chief Engineer,Magic 2015,$.70
Child of Night,Magic 2015,$.18
Chord of Calling,Magic 2015,$8.76
Chronostutter,Magic 2015,$.18
Circle of Flame,Magic 2015,$.27
Clear a Path,Magic 2015,$.18
Cone of Flame,Magic 2015,$.22
Congregate,Magic 2015,$.28
Constricting Sliver,Magic 2015,$.30
Coral Barrier,Magic 2015,$.18
Covenant of Blood,Magic 2015,$.18
Crippling Blight,Magic 2015,$.19
Crowd's Favor,Magic 2015,$.18
Crucible of Fire,Magic 2015,$1.07
Cruel Sadist,Magic 2015,$.32
Darksteel Citadel,Magic 2015,$.86
Dauntless River Marshal,Magic 2015,$.24
Devouring Light,Magic 2015,$.40
Diffusion Sliver,Magic 2015,$.45
Dissipate,Magic 2015,$.24
Divination,Magic 2015,$.19
Divine Favor,Magic 2015,$.18
Divine Verdict,Magic 2015,$.26
Elvish Mystic,Magic 2015,$.32
Encrust,Magic 2015,$.18
Endless Obedience,Magic 2015,$.25
Ensoul Artifact,Magic 2015,$3.07
Ephemeral Shields,Magic 2015,$.20
Eternal Thirst,Magic 2015,$.25
Evolving Wilds,Magic 2015,$.19
Feast on the Fallen,Magic 2015,$.24
Feral Incarnation,Magic 2015,$.24
Festergloom,Magic 2015,$.18
First Response,Magic 2015,$.25
Flesh to Dust,Magic 2015,$.18
Forge Devil,Magic 2015,$.18
Foundry Street Denizen,Magic 2015,$.34
Frenzied Goblin,Magic 2015,$.39
Frost Lynx,Magic 2015,$.18
Fugitive Wizard,Magic 2015,$.18
Furnace Whelp,Magic 2015,$.43
Gargoyle Sentinel,Magic 2015,$.24
Garruk's Packleader,Magic 2015,$.43
Garruk Apex Predator,Magic 2015,$8.40
Gather Courage,Magic 2015,$.24
Geist of the Moors,Magic 2015,$.24
Generator Servant,Magic 2015,$.20
Genesis Hydra,Magic 2015,$1.14
Glacial Crasher,Magic 2015,$.18
Goblin Kaboomist,Magic 2015,$.30
Goblin Rabblemaster,Magic 2015,$6.71
Goblin Roughrider,Magic 2015,$.18
Gravedigger,Magic 2015,$.24
Grindclock,Magic 2015,$.30
Hammerhand,Magic 2015,$.30
Haunted Plate Mail,Magic 2015,$.27
Heat Ray,Magic 2015,$.22
Heliod's Pilgrim,Magic 2015,$.28
Hoarding Dragon,Magic 2015,$.30
Hornet Nest,Magic 2015,$2.14
Hornet Queen,Magic 2015,$1.28
Hot Soup,Magic 2015,$.24
Hunt the Weak,Magic 2015,$.18
Hunter's Ambush,Magic 2015,$.18
Hushwing Gryff,Magic 2015,$.84
Hydrosurge,Magic 2015,$.18
Illusory Angel,Magic 2015,$.33
In Garruk's Wake,Magic 2015,$.51
Indulgent Tormentor,Magic 2015,$.72
Inferno Fist,Magic 2015,$.19
Inspired Charge,Magic 2015,$.33
Into the Void,Magic 2015,$.24
Invasive Species,Magic 2015,$.20
Invisibility,Magic 2015,$.18
Jace's Ingenuity,Magic 2015,$.25
Jace the Living Guildpact,Magic 2015,$2.60
Jalira Master Polymorphist,Magic 2015,$.31
Jorubai Murk Lurker,Magic 2015,$.29
Juggernaut,Magic 2015,$.24
Kalonian Twingrove,Magic 2015,$.36
Kapsho Kitefins,Magic 2015,$.22
Kinsbaile Skirmisher,Magic 2015,$.18
Kird Chieftain,Magic 2015,$.24
Krenko's Enforcer,Magic 2015,$.20
Kurkesh Onakke Ancient,Magic 2015,$.29
Lava Axe,Magic 2015,$.18
Leeching Sliver,Magic 2015,$.33
Life's Legacy,Magic 2015,$.48
Lightning Strike,Magic 2015,$.31
Liliana Vess,Magic 2015,$7.40
Living Totem,Magic 2015,$.18
Llanowar Wastes,Magic 2015,$2.16
Mahamoti Djinn,Magic 2015,$.33
Marked by Honor,Magic 2015,$.18
Mass Calcify,Magic 2015,$.29
Master of Predicaments,Magic 2015,$.29
Meditation Puzzle,Magic 2015,$.18
Mercurial Pretender,Magic 2015,$.29
Meteorite,Magic 2015,$.24
Midnight Guard,Magic 2015,$.19
Might Makes Right,Magic 2015,$.26
Military Intelligence,Magic 2015,$.40
Mind Rot,Magic 2015,$.18
Mind Sculpt,Magic 2015,$.26
Miner's Bane,Magic 2015,$.18
Naturalize,Magic 2015,$.18
Necrobite,Magic 2015,$.18
Necrogen Scudder,Magic 2015,$.24
Necromancer's Assistant,Magic 2015,$.18
Necromancer's Stockpile,Magic 2015,$.29
Negate,Magic 2015,$.21
Netcaster Spider,Magic 2015,$.18
Nightfire Giant,Magic 2015,$.24
Nightmare,Magic 2015,$.34
Nimbus of the Isles,Magic 2015,$.18
Nissa's Expedition,Magic 2015,$.28
Nissa Worldwaker,Magic 2015,$9.97
Ob Nixilis Unshackled,Magic 2015,$1.34
Obelisk of Urd,Magic 2015,$5.47
Oppressive Rays,Magic 2015,$.19
Oreskos Swiftclaw,Magic 2015,$.18
Ornithopter,Magic 2015,$.31
Overwhelm,Magic 2015,$.24
Paragon of Eternal Wilds,Magic 2015,$.24
Paragon of Fierce Defiance,Magic 2015,$.24
Paragon of Gathering Mists,Magic 2015,$.24
Paragon of New Dawns,Magic 2015,$.30
Paragon of Open Graves,Magic 2015,$.26
Peel from Reality,Magic 2015,$.18
Perilous Vault,Magic 2015,$3.39
Phyrexian Revoker,Magic 2015,$1.62
Phytotitan,Magic 2015,$.30
Pillar of Light,Magic 2015,$.18
Plummet,Magic 2015,$.19
Polymorphist's Jest,Magic 2015,$1.21
Preeminent Captain,Magic 2015,$.72
Profane Memento,Magic 2015,$.30
Quickling,Magic 2015,$.26
Radiant Fountain,Magic 2015,$.57
Raise the Alarm,Magic 2015,$.26
Ranger's Guile,Magic 2015,$.21
Razorfoot Griffin,Magic 2015,$.18
Reclamation Sage,Magic 2015,$.32
Research Assistant,Magic 2015,$.18
Resolute Archangel,Magic 2015,$.41
Restock,Magic 2015,$.25
Return to the Ranks,Magic 2015,$.48
Roaring Primadox,Magic 2015,$.22
Rogue's Gloves,Magic 2015,$.24
Rotfeaster Maggot,Magic 2015,$.18
Rummaging Goblin,Magic 2015,$.18
Runeclaw Bear,Magic 2015,$.18
Sacred Armory,Magic 2015,$.24
Sanctified Charge,Magic 2015,$.18
Satyr Wayfinder,Magic 2015,$.20
Scrapyard Mongrel,Magic 2015,$.18
Scuttling Doom Engine,Magic 2015,$.71
Seismic Strike,Magic 2015,$.27
Selfless Cathar,Magic 2015,$.18
Sengir Vampire,Magic 2015,$.39
Seraph of the Masses,Magic 2015,$.28
Serra Angel,Magic 2015,$.39
Shadowcloak Vampire,Magic 2015,$.18
Shaman of Spring,Magic 2015,$.18
Shield of the Avatar,Magic 2015,$.29
Shivan Dragon,Magic 2015,$.45
Shivan Reef,Magic 2015,$2.36
Shrapnel Blast,Magic 2015,$.44
Siege Dragon,Magic 2015,$.32
Siege Wurm,Magic 2015,$.18
Sign in Blood,Magic 2015,$.22
Sliver Hive,Magic 2015,$4.24
Sliver Hivelord,Magic 2015,$8.89
Solemn Offering,Magic 2015,$.18
Soul of Innistrad,Magic 2015,$1.27
Soul of New Phyrexia,Magic 2015,$2.42
Soul of Ravnica,Magic 2015,$.81
Soul of Shandalar,Magic 2015,$.83
Soul of Theros,Magic 2015,$.98
Soul of Zendikar,Magic 2015,$.89
Soulmender,Magic 2015,$.19
Spectra Ward,Magic 2015,$.54
Spirit Bonds,Magic 2015,$.42
Stab Wound,Magic 2015,$.28
Staff of the Death Magus,Magic 2015,$.22
Staff of the Flame Magus,Magic 2015,$.24
Staff of the Mind Magus,Magic 2015,$.22
Staff of the Sun Magus,Magic 2015,$.24
Staff of the Wild Magus,Magic 2015,$.26
Stain the Mind,Magic 2015,$.42
Statute of Denial,Magic 2015,$.18
Stoke the Flames,Magic 2015,$1.99
Stormtide Leviathan,Magic 2015,$.30
Sunblade Elf,Magic 2015,$.26
Sungrace Pegasus,Magic 2015,$.19
Terra Stomper,Magic 2015,$.71
The Chain Veil,Magic 2015,$1.36
Thundering Giant,Magic 2015,$.18
Tireless Missionaries,Magic 2015,$.18
Titanic Growth,Magic 2015,$.23
Torch Fiend,Magic 2015,$.18
Tormod's Crypt,Magic 2015,$.24
Triplicate Spirits,Magic 2015,$.23
Turn to Frog,Magic 2015,$.24
Typhoid Rats,Magic 2015,$.19
Tyrant's Machine,Magic 2015,$.18
Ulcerate,Magic 2015,$.25
Undergrowth Scavenger,Magic 2015,$.19
Unmake the Graves,Magic 2015,$.18
Urborg Tomb of Yawgmoth,Magic 2015,$8.46
Venom Sliver,Magic 2015,$.63
Verdant Haven,Magic 2015,$.18
Vineweft,Magic 2015,$.18
Void Snare,Magic 2015,$.21
Walking Corpse,Magic 2015,$.32
Wall of Essence,Magic 2015,$.24
Wall of Fire,Magic 2015,$.18
Wall of Frost,Magic 2015,$.26
Wall of Limbs,Magic 2015,$.28
Wall of Mulch,Magic 2015,$.25
Warden of the Beyond,Magic 2015,$.25
Waste Not,Magic 2015,$3.00
Welkin Tern,Magic 2015,$.18
Will-Forged Golem,Magic 2015,$.22
Witch's Familiar,Magic 2015,$.18
Xathrid Slyblade,Magic 2015,$.25
Yavimaya Coast,Magic 2015,$1.35
Yisan the Wanderer Bard,Magic 2015,$.40
Zof Shade,Magic 2015,$.18
